,actual,predicted,error,error_abs,error_sq
2018-07-12,0.047821830501529,-1.3442128714403105,1.3920347019418395,1.3920347019418395,1.937760611410306
