,actual,predicted,error,error_abs,error_sq
2018-07-12,-1.551241928003704,-0.8071201678169729,-0.744121760186731,0.744121760186731,0.5537171939833989
