,actual,predicted,error,error_abs,error_sq
2018-07-12,0.23182382569036653,-1.3298515702441382,1.5616753959345049,1.5616753959345049,2.4388300422671927
