,actual,predicted,error,error_abs,error_sq
2018-07-12,0.10060590510044362,-1.4107255589122725,1.511331464012716,1.511331464012716,2.2841227941148197
