,actual,predicted,error,error_abs,error_sq
2018-07-12,-1.993585131045103,-1.3170303288400276,-0.6765548022050754,0.6765548022050754,0.4577264003867486
