,amiata,lupa,madonna di canneto,overall
rmse,0.6626858921926497,0.6887722600350205,1.2652356231244075,0.8722312584506925
mae,0.5676766694893274,0.6287659079297799,1.1445493372877318,0.780330638235613
