,amiata,lupa,madonna di canneto,overall
rmse,0.7925895059639694,0.6813826699382083,1.2398590926758895,0.9046104228593558
mae,0.6510504211318506,0.6341908690539283,1.1400114832850767,0.8084175911569519
