,auser,doganella,luco,petrignano,overall
rmse,0.8333082596275397,1.0720980414361303,0.7560124618196891,0.4670167939762668,0.7821088892149065
mae,0.7029540653089114,0.9490818159993775,0.6841747011627388,0.3947460790339452,0.6827391653762431
