,bilancino,overall
mae,0.6381003580061766,0.6381003580061766
rmse,0.8354089525669881,0.8354089525669881
