,bilancino,overall
mae,0.6397330918482157,0.6397330918482157
rmse,0.8098990983334172,0.8098990983334172
