,actual,predicted,error,error_abs,error_sq
2018-07-12,-1.551241928003704,0,-1.551241928003704,1.551241928003704,2.4063515191966487
