,actual,predicted,error,error_abs,error_sq
2018-07-12,0.10060590510044362,0,0.10060590510044362,0.10060590510044362,0.010121548141079469
