,actual,predicted,error,error_abs,error_sq
2018-07-12,-1.993585131045103,0,-1.993585131045103,1.993585131045103,3.9743816747241203
