,actual,predicted,error,error_abs,error_sq
2018-07-12,0.047821830501529,0,0.047821830501529,0.047821830501529,0.0022869274725169694
