,amiata,lupa,madonna di canneto,overall
rmse,0.6634397909933601,0.6707688514671745,1.2400292880260622,0.858079310162199
mae,0.5675709570354999,0.6104249437116792,1.1208225720991118,0.766272824282097
