,bilancino,overall
mae,0.6768463010211627,0.6768463010211627
rmse,0.8629995370220535,0.8629995370220535
