,auser,doganella,luco,petrignano,overall
rmse,0.3760216798987572,0.7216774611955543,0.6080520973079454,0.4750958430969966,0.5452117703748134
mae,0.28811813211154175,0.5870973181631474,0.4403837551442497,0.3814991378206015,0.4242745858098851
