,auser,doganella,luco,petrignano,overall
rmse,0.8341275304853358,1.055159717184151,0.7508172684726705,0.46418502647850657,0.7760723856551659
mae,0.7020897655085335,0.9368846760319597,0.6813048909730228,0.39155942144660066,0.6779596884900292
