,arno,overall
mae,0.8762034536234413,0.8762034536234413
rmse,1.1079455437199186,1.1079455437199186
