,arno,overall
mae,0.8280586002839396,0.8280586002839396
rmse,1.0788395247525768,1.0788395247525768
