,arno,overall
mae,0.5389415431967934,0.5389415431967934
rmse,0.7723152452312124,0.7723152452312124
