,auser,doganella,luco,petrignano,overall
rmse,0.32761522075486665,0.7650638972874075,0.6544776037245744,0.48071679020995045,0.5569683779941997
mae,0.25962834141746877,0.6201627224583492,0.4797636737967312,0.37587066428052884,0.43385635048826954
