,amiata,lupa,madonna di canneto,overall
rmse,0.7902828244301829,0.6962274993569028,1.2671032532884259,0.9178711923585038
mae,0.6410621505653589,0.6511892331558196,1.1550643864022814,0.8157719233744866
