,aquifer,waterspring,river,lake,overall
rmse,0.7797514194527753,0.9092862558262303,1.0788395247525768,0.8580082251171994,0.9064713562871954
mae,0.6806432805924213,0.8059315628636936,0.8280586002839396,0.6654890563519278,0.7450306250229954
