,aquifer,waterspring,river,lake,overall
rmse,0.5491106413756011,0.858079310162199,0.7723152452312124,0.8098990983334172,0.7473510737756074
mae,0.42657553526268466,0.766272824282097,0.5389415431967934,0.6397330918482157,0.5928807486474477
