,aquifer,waterspring,river,lake,overall
rmse,0.5569683779941997,0.8569600001325833,0.8376263624372466,0.8038668397322942,0.763855395074081
mae,0.43385635048826954,0.7702209161529466,0.5508188004855873,0.626990701486575,0.5954716921533445
