,bilancino,overall
mae,0.6661445226932048,0.6661445226932048
rmse,0.8241646198642472,0.8241646198642472
