,arno,overall
mae,0.8067623071477338,0.8067623071477338
rmse,1.0919271183134502,1.0919271183134502
