,aquifer,waterspring,river,lake,overall
rmse,0.5452117703748134,0.8722312584506925,0.7989117846124483,0.8241646198642472,0.7601298583255504
mae,0.4242745858098851,0.780330638235613,0.5646698884668145,0.6661445226932048,0.6088549088013794
