,auser,doganella,luco,petrignano,overall
rmse,0.3377017406276346,0.7460756855996685,0.6268395754137174,0.4858255638613835,0.5491106413756011
mae,0.26479381392609064,0.607147457202965,0.4484441539532961,0.38591671596838684,0.42657553526268466
