,amiata,lupa,madonna di canneto,overall
rmse,0.667815062180607,0.6783021521550331,1.2247627860621098,0.8569600001325833
mae,0.5743890412536125,0.6154354805012732,1.1208382267039543,0.7702209161529466
