,auser,doganella,luco,petrignano,overall
rmse,0.8330148075885803,1.062223577480604,0.7560833718330068,0.46768392090890987,0.7797514194527753
mae,0.7027113090424099,0.9399606756968922,0.6861879174682928,0.3937132201620902,0.6806432805924213
