,aquifer,waterspring,river,lake,overall
rmse,0.7821088892149065,0.9046104228593558,1.0919271183134502,0.8354089525669881,0.9035138457386751
mae,0.6827391653762431,0.8084175911569519,0.8067623071477338,0.6381003580061766,0.7340048554217764
