,bilancino,overall
mae,0.626990701486575,0.626990701486575
rmse,0.8038668397322942,0.8038668397322942
