,actual,predicted,error,error_abs,error_sq
2018-07-12,-1.551241928003704,0.00016949231212493032,-1.551411420315829,1.551411420315829,2.4068773950863775
