,actual,predicted,error,error_abs,error_sq
2018-07-12,0.23182382569036653,2.0530877009150572e-05,0.23180329481335737,0.23180329481335737,0.05373276748632828
