,actual,predicted,error,error_abs,error_sq
2018-07-12,-1.993585131045103,0.00014961087435949594,-1.9937347419194624,1.9937347419194624,3.9749782211366655
