,arno,overall
mae,0.5508188004855873,0.5508188004855873
rmse,0.8376263624372466,0.8376263624372466
