,arno,overall
mae,0.5646698884668145,0.5646698884668145
rmse,0.7989117846124483,0.7989117846124483
