,bilancino,overall
mae,0.6654890563519278,0.6654890563519278
rmse,0.8580082251171994,0.8580082251171994
