,aquifer,waterspring,river,lake,overall
rmse,0.7760723856551659,0.9178711923585038,1.1079455437199186,0.8629995370220535,0.9162221646889105
mae,0.6779596884900292,0.8157719233744866,0.8762034536234413,0.6768463010211627,0.76169534162728
