,amiata,lupa,madonna di canneto,overall
rmse,0.7923957134482332,0.6778626576038705,1.2576003964265874,0.9092862558262303
mae,0.6485137045639338,0.631624285357026,1.1376566986701213,0.8059315628636936
